{
  "collection": {
    "colId": 21675,
    "colName": "Zefirah",
    "crowdsourcing": false,
    "description": "created by sinai.rusinek@mail.huji.ac.il",
    "elearning": false,
    "nrOfDocuments": 0,
    "pageId": 3359520,
    "thumbUrl": "https://dbis-thure.uibk.ac.at/f/Get?id=VADKYJJXSQFEVRWAWWDFHBPF&fileType=thumb",
    "url": "https://dbis-thure.uibk.ac.at/f/Get?id=VADKYJJXSQFEVRWAWWDFHBPF&fileType=view"
  },
  "edDeclList": [],
  "md": {
    "collectionList": {
      "colList": [
        {
          "colId": 21675,
          "colName": "Zefirah",
          "crowdsourcing": false,
          "description": "created by sinai.rusinek@mail.huji.ac.il",
          "elearning": false,
          "nrOfDocuments": 0
        }
      ]
    },
    "createdFromTimestamp": 0,
    "createdToTimestamp": 0,
    "docId": 86775,
    "fimgStoreColl": "TrpDoc_DEA_86775",
    "nrOfDone": 0,
    "nrOfFinal": 0,
    "nrOfGT": 0,
    "nrOfInProgress": 8,
    "nrOfLines": 824,
    "nrOfNew": 0,
    "nrOfPages": 8,
    "nrOfRegions": 76,
    "nrOfTranscribedLines": 815,
    "nrOfTranscribedRegions": 76,
    "nrOfTranscribedWords": 0,
    "nrOfWords": 0,
    "nrOfWordsInLines": 7534,
    "nrOfWordsInRegions": 6805,
    "origDocId": 0,
    "pageId": 3567473,
    "status": 0,
    "thumbUrl": "https://dbis-thure.uibk.ac.at/f/Get?id=USIQEQUTQSFUJDZHPVQMBZPC&fileType=thumb",
    "title": "HZF-1875-12-29",
    "uploadTimestamp": 1539017725517,
    "uploader": "nurit.grd@gmail.com",
    "uploaderId": 17463,
    "url": "https://dbis-thure.uibk.ac.at/f/Get?id=USIQEQUTQSFUJDZHPVQMBZPC&fileType=view"
  },
  "pageList": {
    "pages": [
      {
        "created": "2018-10-08T18:55:25.676+02:00",
        "docId": 86775,
        "height": 2096,
        "imageId": 1944428,
        "imageVersions": {
          "imageVersions": []
        },
        "imgFileName": "Pg001_150.png",
        "indexed": true,
        "key": "USIQEQUTQSFUJDZHPVQMBZPC",
        "pageId": 3567473,
        "pageNr": 1,
        "tagsStored": "2018-10-11T11:08:36.945+02:00",
        "thumbUrl": "https://dbis-thure.uibk.ac.at/f/Get?id=USIQEQUTQSFUJDZHPVQMBZPC&fileType=thumb",
        "tsList": {
          "transcripts": [
            {
              "docId": 86775,
              "key": "WRGWIEKKPEITEGIDWDZOWYIH",
              "md5Sum": "",
              "nrOfLines": 105,
              "nrOfRegions": 11,
              "nrOfTranscribedLines": 98,
              "nrOfTranscribedRegions": 11,
              "nrOfTranscribedWords": 0,
              "nrOfWords": 0,
              "nrOfWordsInLines": 644,
              "nrOfWordsInRegions": 564,
              "pageId": 3567473,
              "pageNr": 1,
              "parentTsId": 5508563,
              "status": "IN_PROGRESS",
              "timestamp": 1539248915409,
              "tsId": 5533996,
              "url": "https://dbis-thure.uibk.ac.at/f/Get?id=WRGWIEKKPEITEGIDWDZOWYIH",
              "userId": 2180,
              "userName": "sinai.rusinek@mail.huji.ac.il"
            }
          ]
        },
        "url": "https://dbis-thure.uibk.ac.at/f/Get?id=USIQEQUTQSFUJDZHPVQMBZPC&fileType=view",
        "width": 1618
      },
      {
        "created": "2018-10-08T18:55:26.393+02:00",
        "docId": 86775,
        "height": 2109,
        "imageId": 1944429,
        "imageVersions": {
          "imageVersions": []
        },
        "imgFileName": "Pg002_150.png",
        "indexed": true,
        "key": "WZPNXXFVFZSNDFSNBRFJESOD",
        "pageId": 3567474,
        "pageNr": 2,
        "tagsStored": "2018-10-08T19:56:43.895+02:00",
        "thumbUrl": "https://dbis-thure.uibk.ac.at/f/Get?id=WZPNXXFVFZSNDFSNBRFJESOD&fileType=thumb",
        "tsList": {
          "transcripts": [
            {
              "docId": 86775,
              "key": "BOHAYIZDYGWULWBGZGMQSTGV",
              "md5Sum": "",
              "nrOfLines": 106,
              "nrOfRegions": 8,
              "nrOfTranscribedLines": 106,
              "nrOfTranscribedRegions": 8,
              "nrOfTranscribedWords": 0,
              "nrOfWords": 0,
              "nrOfWordsInLines": 1060,
              "nrOfWordsInRegions": 964,
              "pageId": 3567474,
              "pageNr": 2,
              "parentTsId": 5507258,
              "status": "IN_PROGRESS",
              "timestamp": 1539021403522,
              "toolName": "CITlab HTR: Zfirah3",
              "tsId": 5508572,
              "url": "https://dbis-thure.uibk.ac.at/f/Get?id=BOHAYIZDYGWULWBGZGMQSTGV",
              "userId": 17463,
              "userName": "nurit.grd@gmail.com"
            }
          ]
        },
        "url": "https://dbis-thure.uibk.ac.at/f/Get?id=WZPNXXFVFZSNDFSNBRFJESOD&fileType=view",
        "width": 1605
      },
      {
        "created": "2018-10-08T18:55:30.249+02:00",
        "docId": 86775,
        "height": 2091,
        "imageId": 1944430,
        "imageVersions": {
          "imageVersions": []
        },
        "imgFileName": "Pg003_150.png",
        "indexed": true,
        "key": "XHVPBZZEXUPDGUYZOORUHPHK",
        "pageId": 3567475,
        "pageNr": 3,
        "tagsStored": "2018-10-08T19:57:51.785+02:00",
        "thumbUrl": "https://dbis-thure.uibk.ac.at/f/Get?id=XHVPBZZEXUPDGUYZOORUHPHK&fileType=thumb",
        "tsList": {
          "transcripts": [
            {
              "docId": 86775,
              "key": "YXTMGNWUIJBTXTGHHRBLDNDB",
              "md5Sum": "",
              "nrOfLines": 104,
              "nrOfRegions": 10,
              "nrOfTranscribedLines": 104,
              "nrOfTranscribedRegions": 10,
              "nrOfTranscribedWords": 0,
              "nrOfWords": 0,
              "nrOfWordsInLines": 1029,
              "nrOfWordsInRegions": 935,
              "pageId": 3567475,
              "pageNr": 3,
              "parentTsId": 5507259,
              "status": "IN_PROGRESS",
              "timestamp": 1539021471001,
              "toolName": "CITlab HTR: Zfirah3",
              "tsId": 5508586,
              "url": "https://dbis-thure.uibk.ac.at/f/Get?id=YXTMGNWUIJBTXTGHHRBLDNDB",
              "userId": 17463,
              "userName": "nurit.grd@gmail.com"
            }
          ]
        },
        "url": "https://dbis-thure.uibk.ac.at/f/Get?id=XHVPBZZEXUPDGUYZOORUHPHK&fileType=view",
        "width": 1599
      },
      {
        "created": "2018-10-08T18:55:32.178+02:00",
        "docId": 86775,
        "height": 2106,
        "imageId": 1944431,
        "imageVersions": {
          "imageVersions": []
        },
        "imgFileName": "Pg004_150.png",
        "indexed": true,
        "key": "YLIYJOXAIHODPBIVCUNQVFOL",
        "pageId": 3567476,
        "pageNr": 4,
        "tagsStored": "2018-10-08T19:59:00.722+02:00",
        "thumbUrl": "https://dbis-thure.uibk.ac.at/f/Get?id=YLIYJOXAIHODPBIVCUNQVFOL&fileType=thumb",
        "tsList": {
          "transcripts": [
            {
              "docId": 86775,
              "key": "FIQKZVNYRVYSIKOHMRQNKPMX",
              "md5Sum": "",
              "nrOfLines": 107,
              "nrOfRegions": 10,
              "nrOfTranscribedLines": 107,
              "nrOfTranscribedRegions": 10,
              "nrOfTranscribedWords": 0,
              "nrOfWords": 0,
              "nrOfWordsInLines": 1006,
              "nrOfWordsInRegions": 909,
              "pageId": 3567476,
              "pageNr": 4,
              "parentTsId": 5507260,
              "status": "IN_PROGRESS",
              "timestamp": 1539021539293,
              "toolName": "CITlab HTR: Zfirah3",
              "tsId": 5508590,
              "url": "https://dbis-thure.uibk.ac.at/f/Get?id=FIQKZVNYRVYSIKOHMRQNKPMX",
              "userId": 17463,
              "userName": "nurit.grd@gmail.com"
            }
          ]
        },
        "url": "https://dbis-thure.uibk.ac.at/f/Get?id=YLIYJOXAIHODPBIVCUNQVFOL&fileType=view",
        "width": 1553
      },
      {
        "created": "2018-10-08T18:55:35.999+02:00",
        "docId": 86775,
        "height": 2078,
        "imageId": 1944432,
        "imageVersions": {
          "imageVersions": []
        },
        "imgFileName": "Pg005_150.png",
        "indexed": true,
        "key": "BFPYXWTCTISIAZXBHXUTQFNR",
        "pageId": 3567477,
        "pageNr": 5,
        "tagsStored": "2018-10-08T20:00:13.467+02:00",
        "thumbUrl": "https://dbis-thure.uibk.ac.at/f/Get?id=BFPYXWTCTISIAZXBHXUTQFNR&fileType=thumb",
        "tsList": {
          "transcripts": [
            {
              "docId": 86775,
              "key": "QYSJEPRZAYHSEPVKZQOIAFTG",
              "md5Sum": "",
              "nrOfLines": 111,
              "nrOfRegions": 10,
              "nrOfTranscribedLines": 111,
              "nrOfTranscribedRegions": 10,
              "nrOfTranscribedWords": 0,
              "nrOfWords": 0,
              "nrOfWordsInLines": 1125,
              "nrOfWordsInRegions": 1024,
              "pageId": 3567477,
              "pageNr": 5,
              "parentTsId": 5507261,
              "status": "IN_PROGRESS",
              "timestamp": 1539021613058,
              "toolName": "CITlab HTR: Zfirah3",
              "tsId": 5508596,
              "url": "https://dbis-thure.uibk.ac.at/f/Get?id=QYSJEPRZAYHSEPVKZQOIAFTG",
              "userId": 17463,
              "userName": "nurit.grd@gmail.com"
            }
          ]
        },
        "url": "https://dbis-thure.uibk.ac.at/f/Get?id=BFPYXWTCTISIAZXBHXUTQFNR&fileType=view",
        "width": 1613
      },
      {
        "created": "2018-10-08T18:55:36.763+02:00",
        "docId": 86775,
        "height": 2105,
        "imageId": 1944433,
        "imageVersions": {
          "imageVersions": []
        },
        "imgFileName": "Pg006_150.png",
        "indexed": true,
        "key": "RHZLAXOFRCEXFSSVNQBQWBGJ",
        "pageId": 3567478,
        "pageNr": 6,
        "tagsStored": "2018-10-08T20:01:24.162+02:00",
        "thumbUrl": "https://dbis-thure.uibk.ac.at/f/Get?id=RHZLAXOFRCEXFSSVNQBQWBGJ&fileType=thumb",
        "tsList": {
          "transcripts": [
            {
              "docId": 86775,
              "key": "XISKCKNCOXYXXKWXMKDBDGIJ",
              "md5Sum": "",
              "nrOfLines": 108,
              "nrOfRegions": 10,
              "nrOfTranscribedLines": 108,
              "nrOfTranscribedRegions": 10,
              "nrOfTranscribedWords": 0,
              "nrOfWords": 0,
              "nrOfWordsInLines": 1043,
              "nrOfWordsInRegions": 945,
              "pageId": 3567478,
              "pageNr": 6,
              "parentTsId": 5507262,
              "status": "IN_PROGRESS",
              "timestamp": 1539021683811,
              "toolName": "CITlab HTR: Zfirah3",
              "tsId": 5508604,
              "url": "https://dbis-thure.uibk.ac.at/f/Get?id=XISKCKNCOXYXXKWXMKDBDGIJ",
              "userId": 17463,
              "userName": "nurit.grd@gmail.com"
            }
          ]
        },
        "url": "https://dbis-thure.uibk.ac.at/f/Get?id=RHZLAXOFRCEXFSSVNQBQWBGJ&fileType=view",
        "width": 1596
      },
      {
        "created": "2018-10-08T18:55:37.535+02:00",
        "docId": 86775,
        "height": 2106,
        "imageId": 1944434,
        "imageVersions": {
          "imageVersions": []
        },
        "imgFileName": "Pg007_150.png",
        "indexed": true,
        "key": "GBQSYJZKBPOAMJQGLRILXLMN",
        "pageId": 3567479,
        "pageNr": 7,
        "tagsStored": "2018-10-08T20:02:21.788+02:00",
        "thumbUrl": "https://dbis-thure.uibk.ac.at/f/Get?id=GBQSYJZKBPOAMJQGLRILXLMN&fileType=thumb",
        "tsList": {
          "transcripts": [
            {
              "docId": 86775,
              "key": "IUHQDITRPJIKIFYZCQDSZDHM",
              "md5Sum": "",
              "nrOfLines": 101,
              "nrOfRegions": 10,
              "nrOfTranscribedLines": 99,
              "nrOfTranscribedRegions": 10,
              "nrOfTranscribedWords": 0,
              "nrOfWords": 0,
              "nrOfWordsInLines": 913,
              "nrOfWordsInRegions": 824,
              "pageId": 3567479,
              "pageNr": 7,
              "parentTsId": 5507263,
              "status": "IN_PROGRESS",
              "timestamp": 1539021741407,
              "toolName": "CITlab HTR: Zfirah3",
              "tsId": 5508738,
              "url": "https://dbis-thure.uibk.ac.at/f/Get?id=IUHQDITRPJIKIFYZCQDSZDHM",
              "userId": 17463,
              "userName": "nurit.grd@gmail.com"
            }
          ]
        },
        "url": "https://dbis-thure.uibk.ac.at/f/Get?id=GBQSYJZKBPOAMJQGLRILXLMN&fileType=view",
        "width": 1601
      },
      {
        "created": "2018-10-08T18:55:38.378+02:00",
        "docId": 86775,
        "height": 2110,
        "imageId": 1944435,
        "imageVersions": {
          "imageVersions": []
        },
        "imgFileName": "Pg008_150.png",
        "indexed": true,
        "key": "PZNMFYKVLUFRCEWRXYASCHRI",
        "pageId": 3567480,
        "pageNr": 8,
        "tagsStored": "2018-10-08T20:03:16.647+02:00",
        "thumbUrl": "https://dbis-thure.uibk.ac.at/f/Get?id=PZNMFYKVLUFRCEWRXYASCHRI&fileType=thumb",
        "tsList": {
          "transcripts": [
            {
              "docId": 86775,
              "key": "LUQQBDWCSSWAARJFRGIATKMX",
              "md5Sum": "",
              "nrOfLines": 82,
              "nrOfRegions": 7,
              "nrOfTranscribedLines": 82,
              "nrOfTranscribedRegions": 7,
              "nrOfTranscribedWords": 0,
              "nrOfWords": 0,
              "nrOfWordsInLines": 714,
              "nrOfWordsInRegions": 640,
              "pageId": 3567480,
              "pageNr": 8,
              "parentTsId": 5507264,
              "status": "IN_PROGRESS",
              "timestamp": 1539021796222,
              "toolName": "CITlab HTR: Zfirah3",
              "tsId": 5508741,
              "url": "https://dbis-thure.uibk.ac.at/f/Get?id=LUQQBDWCSSWAARJFRGIATKMX",
              "userId": 17463,
              "userName": "nurit.grd@gmail.com"
            }
          ]
        },
        "url": "https://dbis-thure.uibk.ac.at/f/Get?id=PZNMFYKVLUFRCEWRXYASCHRI&fileType=view",
        "width": 1595
      }
    ]
  }
}